<?xml version="1.0" encoding="UTF-8"?>
<!--

  Copyright : 2012 Freescale, Inc. All Rights Reserved.

  This configuration file is a standard interchange file that's format is maintained
  by Freescale, Inc. The configuration file is a derivative work
  of the Processor Expert Software technology licensed for use by customers
  as defined as SOFTWARE in the product's End User License Agreement. This file
  and format are free to use and distribute for read-only purposes. You do not have
  the right to create these files or modify this format or use for any purposes other
  than interchange with the Processor Expert Software technology.

  THIS SOFTWARE IS PROVIDED "AS IS".

  NO WARRANTIES, WHETHER EXPRESS, IMPLIED OR STATUTORY, INCLUDING, BUT NOT
  LIMITED TO, IMPLIED WARRANTIES OF MERCHANTABILITY AND FITNESS FOR A PARTICULAR
  PURPOSE APPLY TO THIS SOFTWARE. IN NO EVENT WILL FREESCALE BE LIABLE, WHETHER
  IN CONTRACT, TORT, OR OTHERWISE, FOR ANY INCIDENTAL, SPECIAL, INDIRECT,
  CONSEQUENTIAL OR PUNITIVE DAMAGES, INCLUDING, BUT NOT LIMITED TO, DAMAGES FOR
  ANY LOSS OF USE, LOSS OF TIME, INCONVENIENCE, COMMERCIAL LOSS, OR LOST PROFITS,
  SAVINGS, OR REVENUES TO THE FULL EXTENT SUCH MAY BE DISCLAIMED BY LAW.

-->
<export xmlns:xsi="http://www.w3.org/2001/XMLSchema-instance" xsi:noNamespaceSchemaLocation="ProjectInfoDescription.xsd">
  <PROCESSOR>
    <DeviceID>MKE02Z64xxx4</DeviceID>
    <CoreNum>1</CoreNum>
    <Cores>
      <Core>
        <CoreSet>Cortex-M0+</CoreSet>
      </Core>
    </Cores>
    <SRAMsize>4096</SRAMsize>
    <FLASHsize>64k</FLASHsize>
  </PROCESSOR>
  <PATHS>
    <LinkerCommandFile>C:\Users\E1218968\Desktop\ThreePhaseController_3_6(sevenSegment)\Display\Project_Settings\Linker_Files\ProcessorExpert.ld</LinkerCommandFile>
    <IncludePaths>
      <Path>C:\Users\E1218968\Desktop\ThreePhaseController_3_6(sevenSegment)\Display\Static_Code\PDD\</Path>
      <Path>C:\Users\E1218968\Desktop\ThreePhaseController_3_6(sevenSegment)\Display\Static_Code\IO_Map\</Path>
      <Path>C:\Users\E1218968\Desktop\ThreePhaseController_3_6(sevenSegment)\Display\Sources\</Path>
      <Path>C:\Users\E1218968\Desktop\ThreePhaseController_3_6(sevenSegment)\Display\Generated_Code\</Path>
    </IncludePaths>
    <SourceCodePaths>
      <Path>C:\Users\E1218968\Desktop\ThreePhaseController_3_6(sevenSegment)\Display\Generated_Code\</Path>
      <Path>C:\Users\E1218968\Desktop\ThreePhaseController_3_6(sevenSegment)\Display\Project_Settings\Startup_Code\</Path>
      <Path>C:\Users\E1218968\Desktop\ThreePhaseController_3_6(sevenSegment)\Display\Sources\</Path>
    </SourceCodePaths>
  </PATHS>
  <FILES>
    <GeneratedCs>
      <PathName>C:\Users\E1218968\Desktop\ThreePhaseController_3_6(sevenSegment)\Display\Generated_Code\Back_Button.c</PathName>
      <PathName>C:\Users\E1218968\Desktop\ThreePhaseController_3_6(sevenSegment)\Display\Generated_Code\BitIoLdd1.c</PathName>
      <PathName>C:\Users\E1218968\Desktop\ThreePhaseController_3_6(sevenSegment)\Display\Generated_Code\BitIoLdd10.c</PathName>
      <PathName>C:\Users\E1218968\Desktop\ThreePhaseController_3_6(sevenSegment)\Display\Generated_Code\BitIoLdd2.c</PathName>
      <PathName>C:\Users\E1218968\Desktop\ThreePhaseController_3_6(sevenSegment)\Display\Generated_Code\BitIoLdd3.c</PathName>
      <PathName>C:\Users\E1218968\Desktop\ThreePhaseController_3_6(sevenSegment)\Display\Generated_Code\BitIoLdd4.c</PathName>
      <PathName>C:\Users\E1218968\Desktop\ThreePhaseController_3_6(sevenSegment)\Display\Generated_Code\BitIoLdd5.c</PathName>
      <PathName>C:\Users\E1218968\Desktop\ThreePhaseController_3_6(sevenSegment)\Display\Generated_Code\BitIoLdd6.c</PathName>
      <PathName>C:\Users\E1218968\Desktop\ThreePhaseController_3_6(sevenSegment)\Display\Generated_Code\BitIoLdd7.c</PathName>
      <PathName>C:\Users\E1218968\Desktop\ThreePhaseController_3_6(sevenSegment)\Display\Generated_Code\BitIoLdd8.c</PathName>
      <PathName>C:\Users\E1218968\Desktop\ThreePhaseController_3_6(sevenSegment)\Display\Generated_Code\BitIoLdd9.c</PathName>
      <PathName>C:\Users\E1218968\Desktop\ThreePhaseController_3_6(sevenSegment)\Display\Generated_Code\CI2C1.c</PathName>
      <PathName>C:\Users\E1218968\Desktop\ThreePhaseController_3_6(sevenSegment)\Display\Generated_Code\CS.c</PathName>
      <PathName>C:\Users\E1218968\Desktop\ThreePhaseController_3_6(sevenSegment)\Display\Generated_Code\Cpu.c</PathName>
      <PathName>C:\Users\E1218968\Desktop\ThreePhaseController_3_6(sevenSegment)\Display\Generated_Code\D_C.c</PathName>
      <PathName>C:\Users\E1218968\Desktop\ThreePhaseController_3_6(sevenSegment)\Display\Generated_Code\Display.c</PathName>
      <PathName>C:\Users\E1218968\Desktop\ThreePhaseController_3_6(sevenSegment)\Display\Generated_Code\Down_Button.c</PathName>
      <PathName>C:\Users\E1218968\Desktop\ThreePhaseController_3_6(sevenSegment)\Display\Generated_Code\E_RD.c</PathName>
      <PathName>C:\Users\E1218968\Desktop\ThreePhaseController_3_6(sevenSegment)\Display\Generated_Code\IntI2cLdd1.c</PathName>
      <PathName>C:\Users\E1218968\Desktop\ThreePhaseController_3_6(sevenSegment)\Display\Generated_Code\OK_Button.c</PathName>
      <PathName>C:\Users\E1218968\Desktop\ThreePhaseController_3_6(sevenSegment)\Display\Generated_Code\PE_LDD.c</PathName>
      <PathName>C:\Users\E1218968\Desktop\ThreePhaseController_3_6(sevenSegment)\Display\Generated_Code\RES.c</PathName>
      <PathName>C:\Users\E1218968\Desktop\ThreePhaseController_3_6(sevenSegment)\Display\Generated_Code\R_W.c</PathName>
      <PathName>C:\Users\E1218968\Desktop\ThreePhaseController_3_6(sevenSegment)\Display\Generated_Code\TI1_125us.c</PathName>
      <PathName>C:\Users\E1218968\Desktop\ThreePhaseController_3_6(sevenSegment)\Display\Generated_Code\TP17.c</PathName>
      <PathName>C:\Users\E1218968\Desktop\ThreePhaseController_3_6(sevenSegment)\Display\Generated_Code\TU1.c</PathName>
      <PathName>C:\Users\E1218968\Desktop\ThreePhaseController_3_6(sevenSegment)\Display\Generated_Code\TimerIntLdd1.c</PathName>
      <PathName>C:\Users\E1218968\Desktop\ThreePhaseController_3_6(sevenSegment)\Display\Generated_Code\Up_Button.c</PathName>
      <PathName>C:\Users\E1218968\Desktop\ThreePhaseController_3_6(sevenSegment)\Display\Generated_Code\Vectors.c</PathName>
      <PathName>C:\Users\E1218968\Desktop\ThreePhaseController_3_6(sevenSegment)\Display\Project_Settings\Startup_Code\startup.c</PathName>
      <PathName>C:\Users\E1218968\Desktop\ThreePhaseController_3_6(sevenSegment)\Display\Sources\Events.c</PathName>
      <PathName>C:\Users\E1218968\Desktop\ThreePhaseController_3_6(sevenSegment)\Display\Sources\OLED.c</PathName>
      <PathName>C:\Users\E1218968\Desktop\ThreePhaseController_3_6(sevenSegment)\Display\Sources\button.c</PathName>
      <PathName>C:\Users\E1218968\Desktop\ThreePhaseController_3_6(sevenSegment)\Display\Sources\digit.c</PathName>
      <PathName>C:\Users\E1218968\Desktop\ThreePhaseController_3_6(sevenSegment)\Display\Sources\displayMemory.c</PathName>
      <PathName>C:\Users\E1218968\Desktop\ThreePhaseController_3_6(sevenSegment)\Display\Sources\display_UART.c</PathName>
      <PathName>C:\Users\E1218968\Desktop\ThreePhaseController_3_6(sevenSegment)\Display\Sources\icon.c</PathName>
      <PathName>C:\Users\E1218968\Desktop\ThreePhaseController_3_6(sevenSegment)\Display\Sources\main.c</PathName>
      <PathName>C:\Users\E1218968\Desktop\ThreePhaseController_3_6(sevenSegment)\Display\Sources\mainMenu.c</PathName>
      <PathName>C:\Users\E1218968\Desktop\ThreePhaseController_3_6(sevenSegment)\Display\Sources\screen.c</PathName>
      <PathName>C:\Users\E1218968\Desktop\ThreePhaseController_3_6(sevenSegment)\Display\Sources\serviceMenu.c</PathName>
      <PathName>C:\Users\E1218968\Desktop\ThreePhaseController_3_6(sevenSegment)\Display\Sources\text.c</PathName>
      <PathName>C:\Users\E1218968\Desktop\ThreePhaseController_3_6(sevenSegment)\Display\Sources\userMenu.c</PathName>
    </GeneratedCs>
    <GeneratedHs>
      <PathName>C:\Users\E1218968\Desktop\ThreePhaseController_3_6(sevenSegment)\Display\Generated_Code\Back_Button.h</PathName>
      <PathName>C:\Users\E1218968\Desktop\ThreePhaseController_3_6(sevenSegment)\Display\Generated_Code\BitIoLdd1.h</PathName>
      <PathName>C:\Users\E1218968\Desktop\ThreePhaseController_3_6(sevenSegment)\Display\Generated_Code\BitIoLdd10.h</PathName>
      <PathName>C:\Users\E1218968\Desktop\ThreePhaseController_3_6(sevenSegment)\Display\Generated_Code\BitIoLdd2.h</PathName>
      <PathName>C:\Users\E1218968\Desktop\ThreePhaseController_3_6(sevenSegment)\Display\Generated_Code\BitIoLdd3.h</PathName>
      <PathName>C:\Users\E1218968\Desktop\ThreePhaseController_3_6(sevenSegment)\Display\Generated_Code\BitIoLdd4.h</PathName>
      <PathName>C:\Users\E1218968\Desktop\ThreePhaseController_3_6(sevenSegment)\Display\Generated_Code\BitIoLdd5.h</PathName>
      <PathName>C:\Users\E1218968\Desktop\ThreePhaseController_3_6(sevenSegment)\Display\Generated_Code\BitIoLdd6.h</PathName>
      <PathName>C:\Users\E1218968\Desktop\ThreePhaseController_3_6(sevenSegment)\Display\Generated_Code\BitIoLdd7.h</PathName>
      <PathName>C:\Users\E1218968\Desktop\ThreePhaseController_3_6(sevenSegment)\Display\Generated_Code\BitIoLdd8.h</PathName>
      <PathName>C:\Users\E1218968\Desktop\ThreePhaseController_3_6(sevenSegment)\Display\Generated_Code\BitIoLdd9.h</PathName>
      <PathName>C:\Users\E1218968\Desktop\ThreePhaseController_3_6(sevenSegment)\Display\Generated_Code\CI2C1.h</PathName>
      <PathName>C:\Users\E1218968\Desktop\ThreePhaseController_3_6(sevenSegment)\Display\Generated_Code\CS.h</PathName>
      <PathName>C:\Users\E1218968\Desktop\ThreePhaseController_3_6(sevenSegment)\Display\Generated_Code\Cpu.h</PathName>
      <PathName>C:\Users\E1218968\Desktop\ThreePhaseController_3_6(sevenSegment)\Display\Generated_Code\D_C.h</PathName>
      <PathName>C:\Users\E1218968\Desktop\ThreePhaseController_3_6(sevenSegment)\Display\Generated_Code\Display.h</PathName>
      <PathName>C:\Users\E1218968\Desktop\ThreePhaseController_3_6(sevenSegment)\Display\Generated_Code\Down_Button.h</PathName>
      <PathName>C:\Users\E1218968\Desktop\ThreePhaseController_3_6(sevenSegment)\Display\Generated_Code\E_RD.h</PathName>
      <PathName>C:\Users\E1218968\Desktop\ThreePhaseController_3_6(sevenSegment)\Display\Generated_Code\IO_Map.h</PathName>
      <PathName>C:\Users\E1218968\Desktop\ThreePhaseController_3_6(sevenSegment)\Display\Generated_Code\IntI2cLdd1.h</PathName>
      <PathName>C:\Users\E1218968\Desktop\ThreePhaseController_3_6(sevenSegment)\Display\Generated_Code\OK_Button.h</PathName>
      <PathName>C:\Users\E1218968\Desktop\ThreePhaseController_3_6(sevenSegment)\Display\Generated_Code\PE_Const.h</PathName>
      <PathName>C:\Users\E1218968\Desktop\ThreePhaseController_3_6(sevenSegment)\Display\Generated_Code\PE_Error.h</PathName>
      <PathName>C:\Users\E1218968\Desktop\ThreePhaseController_3_6(sevenSegment)\Display\Generated_Code\PE_LDD.h</PathName>
      <PathName>C:\Users\E1218968\Desktop\ThreePhaseController_3_6(sevenSegment)\Display\Generated_Code\PE_Types.h</PathName>
      <PathName>C:\Users\E1218968\Desktop\ThreePhaseController_3_6(sevenSegment)\Display\Generated_Code\RES.h</PathName>
      <PathName>C:\Users\E1218968\Desktop\ThreePhaseController_3_6(sevenSegment)\Display\Generated_Code\R_W.h</PathName>
      <PathName>C:\Users\E1218968\Desktop\ThreePhaseController_3_6(sevenSegment)\Display\Generated_Code\TI1_125us.h</PathName>
      <PathName>C:\Users\E1218968\Desktop\ThreePhaseController_3_6(sevenSegment)\Display\Generated_Code\TP17.h</PathName>
      <PathName>C:\Users\E1218968\Desktop\ThreePhaseController_3_6(sevenSegment)\Display\Generated_Code\TU1.h</PathName>
      <PathName>C:\Users\E1218968\Desktop\ThreePhaseController_3_6(sevenSegment)\Display\Generated_Code\TimerIntLdd1.h</PathName>
      <PathName>C:\Users\E1218968\Desktop\ThreePhaseController_3_6(sevenSegment)\Display\Generated_Code\Up_Button.h</PathName>
      <PathName>C:\Users\E1218968\Desktop\ThreePhaseController_3_6(sevenSegment)\Display\Sources\Events.h</PathName>
      <PathName>C:\Users\E1218968\Desktop\ThreePhaseController_3_6(sevenSegment)\Display\Sources\OLED.h</PathName>
      <PathName>C:\Users\E1218968\Desktop\ThreePhaseController_3_6(sevenSegment)\Display\Sources\button.h</PathName>
      <PathName>C:\Users\E1218968\Desktop\ThreePhaseController_3_6(sevenSegment)\Display\Sources\digit.h</PathName>
      <PathName>C:\Users\E1218968\Desktop\ThreePhaseController_3_6(sevenSegment)\Display\Sources\displayMemory.h</PathName>
      <PathName>C:\Users\E1218968\Desktop\ThreePhaseController_3_6(sevenSegment)\Display\Sources\display_UART.h</PathName>
      <PathName>C:\Users\E1218968\Desktop\ThreePhaseController_3_6(sevenSegment)\Display\Sources\icon.h</PathName>
      <PathName>C:\Users\E1218968\Desktop\ThreePhaseController_3_6(sevenSegment)\Display\Sources\mainMenu.h</PathName>
      <PathName>C:\Users\E1218968\Desktop\ThreePhaseController_3_6(sevenSegment)\Display\Sources\menu.h</PathName>
      <PathName>C:\Users\E1218968\Desktop\ThreePhaseController_3_6(sevenSegment)\Display\Sources\screen.h</PathName>
      <PathName>C:\Users\E1218968\Desktop\ThreePhaseController_3_6(sevenSegment)\Display\Sources\serviceMenu.h</PathName>
      <PathName>C:\Users\E1218968\Desktop\ThreePhaseController_3_6(sevenSegment)\Display\Sources\text.h</PathName>
      <PathName>C:\Users\E1218968\Desktop\ThreePhaseController_3_6(sevenSegment)\Display\Sources\userMenu.h</PathName>
      <PathName>C:\Users\E1218968\Desktop\ThreePhaseController_3_6(sevenSegment)\Display\Static_Code\IO_Map\MKE02Z4.h</PathName>
      <PathName>C:\Users\E1218968\Desktop\ThreePhaseController_3_6(sevenSegment)\Display\Static_Code\PDD\ADC_PDD.h</PathName>
      <PathName>C:\Users\E1218968\Desktop\ThreePhaseController_3_6(sevenSegment)\Display\Static_Code\PDD\CMP_PDD.h</PathName>
      <PathName>C:\Users\E1218968\Desktop\ThreePhaseController_3_6(sevenSegment)\Display\Static_Code\PDD\CRC_PDD.h</PathName>
      <PathName>C:\Users\E1218968\Desktop\ThreePhaseController_3_6(sevenSegment)\Display\Static_Code\PDD\FTMRH_PDD.h</PathName>
      <PathName>C:\Users\E1218968\Desktop\ThreePhaseController_3_6(sevenSegment)\Display\Static_Code\PDD\FTM_PDD.h</PathName>
      <PathName>C:\Users\E1218968\Desktop\ThreePhaseController_3_6(sevenSegment)\Display\Static_Code\PDD\GPIO_PDD.h</PathName>
      <PathName>C:\Users\E1218968\Desktop\ThreePhaseController_3_6(sevenSegment)\Display\Static_Code\PDD\I2C_PDD.h</PathName>
      <PathName>C:\Users\E1218968\Desktop\ThreePhaseController_3_6(sevenSegment)\Display\Static_Code\PDD\IRQ_PDD.h</PathName>
      <PathName>C:\Users\E1218968\Desktop\ThreePhaseController_3_6(sevenSegment)\Display\Static_Code\PDD\KBI_PDD.h</PathName>
      <PathName>C:\Users\E1218968\Desktop\ThreePhaseController_3_6(sevenSegment)\Display\Static_Code\PDD\MCM_PDD.h</PathName>
      <PathName>C:\Users\E1218968\Desktop\ThreePhaseController_3_6(sevenSegment)\Display\Static_Code\PDD\PDD_Types.h</PathName>
      <PathName>C:\Users\E1218968\Desktop\ThreePhaseController_3_6(sevenSegment)\Display\Static_Code\PDD\PIT_PDD.h</PathName>
      <PathName>C:\Users\E1218968\Desktop\ThreePhaseController_3_6(sevenSegment)\Display\Static_Code\PDD\PMC_PDD.h</PathName>
      <PathName>C:\Users\E1218968\Desktop\ThreePhaseController_3_6(sevenSegment)\Display\Static_Code\PDD\PORT_PDD.h</PathName>
      <PathName>C:\Users\E1218968\Desktop\ThreePhaseController_3_6(sevenSegment)\Display\Static_Code\PDD\RTC0_PDD.h</PathName>
      <PathName>C:\Users\E1218968\Desktop\ThreePhaseController_3_6(sevenSegment)\Display\Static_Code\PDD\SIM_PDD.h</PathName>
      <PathName>C:\Users\E1218968\Desktop\ThreePhaseController_3_6(sevenSegment)\Display\Static_Code\PDD\SPI_PDD.h</PathName>
      <PathName>C:\Users\E1218968\Desktop\ThreePhaseController_3_6(sevenSegment)\Display\Static_Code\PDD\SysTick_PDD.h</PathName>
      <PathName>C:\Users\E1218968\Desktop\ThreePhaseController_3_6(sevenSegment)\Display\Static_Code\PDD\UART_PDD.h</PathName>
      <PathName>C:\Users\E1218968\Desktop\ThreePhaseController_3_6(sevenSegment)\Display\Static_Code\PDD\WDOG_PDD.h</PathName>
    </GeneratedHs>
  </FILES>
  <OPTIONS>
  </OPTIONS>
</export>
